{"cameraMode":{"drawMode":0,"name":"Shaded","section":"Shading Mode"},"sceneLighting":true,"audioPlay":false,"sceneViewState":{"showFog":true,"showMaterialUpdate":true,"showSkybox":true,"showFlares":true,"showImageEffects":true,"showParticleSystems":true},"in2DMode":false,"pivot":{"x":2.9483518600463869,"y":0.40562009811401369,"z":-6.657074928283691},"rotation":{"x":-0.26382192969322207,"y":-0.04714718088507652,"z":0.01291187759488821,"w":-0.9633320569992065},"size":9.604690551757813,"orthographic":false}